<?xml version="1.0" encoding="UTF-8"?>  <!-- xml 문서입니다 하는 내용 -->

<!DOCTYPE mapper
  PUBLIC "-//mybatis.org//DTD Mapper 3.0//EN"
  "http://mybatis.org/dtd/mybatis-3-mapper.dtd">


<mapper namespace="com.shop.dao.TestOneDao">
	<select id="testOneListDao" resultType="com.shop.dto.TestOneDto">
		select k.*, a.al_opic, a.al_name, a.al_abv, a.al_price, a.al_stock, f.*
		from al_kinds k join alcohols a on k.ki_num=a.ki_num
		                join flavors f on a.al_num=f.al_num
		order by a.al_num desc
	</select>
	
	<select id="testOneViewDao" resultType="com.shop.dto.TestOneDto">
		select k.*, a.al_opic, a.al_name, a.al_abv, a.al_price, a.al_stock, f.*
		from al_kinds k join alcohols a on k.ki_num=a.ki_num
		                join flavors f on a.al_num=f.al_num
		
	</select>
	

	<!-- 
	<insert id="writeDao" parameterType="java.util.HashMap">
		insert into test_board (boardNum, alName, itemDetail, itemStatus, alPrice, alStock, itemDate, auth, authdanmat, authssunmat, authsinmat, authbody, authtansan, abv )
		values (test_board_seq.nextval, #{alName}, #{itemDetail}, #{itemStatus}, #{alPrice}, #{alStock}, #{itemDate}, #{auth}, #{authdanmat}, #{authssunmat}, #{authsinmat}, #{authbody}, #{authtansan}, #{abv} )
	</insert>
	
	
	<delete id="deleteDao">
		delete from test_board where board_num = #{_alNum}
	</delete>	
	
	
	
	<update id="updateDao" parameterType="java.util.HashMap">
		update test_board
		set alName=#{alName}, itemDetail=#{itemDetail}, itemStatus=#{itemStatus}, alPrice=#{alPrice}, alStock=#{alStock}, auth=#{auth}, authdanmat=#{authdanmat}, authssunmat=#{authssunmat}, authsinmat=#{authsinmat}, authbody=#{authbody}, authtansan=#{authtansan}, abv=#{abv}
		where boardNum=#{boardNum}
	</update>
	
	<select id="postCount" resultType="_int">
		select count(*), k.*, a.al_opic, a.al_name, a.al_abv, a.al_price, a.al_stock, f.*
		from al_kinds k join alcohols a on k.ki_num=a.ki_num
		                join flavors f on a.al_num=f.al_num
	</select>
	 -->
	
	
	<select id="getAuthItemList" resultType="com.shop.dto.TestOneDto">
		SELECT k.*, a.al_opic, a.al_name, a.al_abv, a.al_price, a.al_stock, f.*
		FROM al_kinds k join alcohols a on k.ki_num=a.ki_num
                join flavors f on a.al_num=f.al_num
		<where>
			<if test="chkArray != null">
				a.ki_num IN
				<foreach collection="chkArray" item="item" open="(" close=")" separator=",">
					 #{item}
				</foreach>
			</if>
			<if test="chkDanmat != null">
				AND f.fl_danmat IN
					<foreach collection="chkDanmat" item="item" open="(" close=")" separator=",">
						 #{item}
					</foreach>
			</if>
			<if test="chkFlSinmat != null">
				AND f.fl_sinmat IN
					<foreach collection="chkFlSinmat" item="item" open="(" close=")" separator=",">
						 #{item}
					</foreach>
			</if>
			<if test="chkFlSsunmat != null">
				AND f.fl_ssunmat IN
					<foreach collection="chkFlSsunmat" item="item" open="(" close=")" separator=",">
						 #{item}
					</foreach>
			</if>
			<if test="chkFlBody != null">
				AND f.fl_body IN
					<foreach collection="chkFlBody" item="item" open="(" close=")" separator=",">
						 #{item}
					</foreach>
			</if>
			<if test="chkFlTansan != null">
				AND f.fl_tansan IN
					<foreach collection="chkFlTansan" item="item" open="(" close=")" separator=",">
						 #{item}
					</foreach>
			</if>
			
			<if test="chkAlAbv != null">
				AND a.al_abv between
					<foreach collection="chkAlAbv" item="item" open="(" close=")" separator=",">
						  #{item}
					</foreach>  
                    and 10
			</if>
			<if test="chkAlAbv10 != null">
				and a.al_abv between
					<foreach collection="chkAlAbv10" item="item" open="(" close=")" separator=",">
						  #{item}
					</foreach>
                and 20
			</if>
			<if test="chkAlAbv20 != null">
				and a.al_abv between
					<foreach collection="chkAlAbv20" item="item" open="(" close=")" separator=",">
						  #{item}
					</foreach>  
                and 30
			</if>
			<if test="chkAlAbv30 != null">
				and a.al_abv >=
					<foreach collection="chkAlAbv30" item="item" open="(" close=")" separator=",">
						  #{item}
					</foreach>  
			</if>
			<if test="chkAlPrice0 != null">
				and a.al_price between
					<foreach collection="chkAlPrice0" item="item" open="(" close=")" separator=",">
						  #{item}
					</foreach>  
					and 10000
			</if>
			<if test="chkAlPrice1 != null">
				and a.al_price between
					<foreach collection="chkAlPrice1" item="item" open="(" close=")" separator=",">
						  #{item}
					</foreach>  
					and 30000
			</if>
			<if test="chkAlPrice3 != null">
				and a.al_price between
					<foreach collection="chkAlPrice3" item="item" open="(" close=")" separator=",">
						  #{item}
					</foreach>  
					and 50000
			</if>
			<if test="chkAlPrice5 != null">
				and a.al_price between
					<foreach collection="chkAlPrice5" item="item" open="(" close=")" separator=",">
						  #{item}
					</foreach>  
					and 100000
			</if>
			<if test="chkAlPrice10 != null">
				and a.al_price >=
					<foreach collection="chkAlPrice10" item="item" open="(" close=")" separator=",">
						  #{item}
					</foreach>  
			</if>
		</where>				
		ORDER BY a.al_num desc
	</select>
	
	
	<select id="testOneGetlistPaging" resultType="com.shop.dto.TestOneDto">
		<![CDATA[
			select k.*, a.al_opic, a.al_name, a.al_abv, a.al_price, a.al_stock, f.*
			from al_kinds k join (select rownum as rn, al.* from alcohols al where rownum <= ((#{pageNum}) * 10) 
			order by al.al_num desc) a on k.ki_num=a.ki_num
		                join flavors f on a.al_num=f.al_num 
			where rn > ((#{pageNum}-1) * 10)
		]]>
		
	</select>
	
	<!-- 게시물 총 개숫 -->
    <select id="getTotal" resultType="int">
    
		select count(*)
		from al_kinds k join alcohols a on k.ki_num=a.ki_num
		                join flavors f on a.al_num=f.al_num
    
    </select>
	
	<!-- 
	<select id="testOneGetlistPaging" resultType="com.shop.dto.TestOneDto">
		<![CDATA[
			select k.*, a.al_opic, a.al_name, a.al_abv, a.al_price, a.al_stock, f.*
			from al_kinds k join alcohols a on k.ki_num=a.ki_num
		                join flavors f on a.al_num=f.al_num 
				where a.al_name in (select al_name
								    from alcohols 
								    where rownum <=10 
		]]>
			<if test="keyword != null">
								    and al_name like '%'||#{keyword}||'%'
			</if>
		<![CDATA[
								    )
				order by a.al_num desc
		]]>
	</select>
	 -->
	 
	 

	
	
	
</mapper>

