<?xml version="1.0" encoding="UTF-8"?>

<!DOCTYPE mapper PUBLIC "-//mybatis.org//DTD Mapper 3.0//EN" 
	"http://mybatis.org/dtd/mybatis-3-mapper.dtd">
  
  <mapper namespace="com.shop.dao.NoticeDAO">
	<select id="noticeListDao" resultType="com.shop.dto.NoticeDTO"> 
		select * 
		from KIHOON 
		order by id desc
	</select>
	
	
	<select id="noticeViewDao" resultType="com.shop.dto.NoticeDTO">
		select * from KIHOON where id= #{0}
	</select>
	
	<insert id="noticeWriteDao" parameterType="java.util.HashMap">
		insert into KIHOON (id, title, content, writer, regdate)
			values (SEQ_CART.nextval, #{title}, #{content}, #{writer}, sysdate)
	</insert>
	
	<update id="noticeUpdateDao" parameterType="java.util.HashMap">
        update KIHOON set title=#{title}, content=#{content}, writer=#{writer}
        where id =#{id}
   	</update>
   	
	<delete id="noticeDeleteDao">
		delete from KIHOON where id = #{_id}
	</delete>
	
	<update id="noticeVisitCount">
		update KIHOON set visitCount = visitCount + 1 where id = #{id}
	</update>
	
	<select id="noticePostCount" resultType="int">
		select count(*) from KIHOON
	</select>
	
	<select id="noticeGetListPaging" resultType="com.shop.dto.NoticeDTO">
    <![CDATA[
        
        select id, title, content, writer, regdate, visitCount from(
        
                select rownum as rn, id, title, content, writer, regdate, visitCount
                  
                from KIHOON where rownum <= #{pageNum} * #{amount}) 
                
        where rn > (#{pageNum} -1) * #{amount}
    
    ]]>
    
    </select>
</mapper>