<?xml version="1.0" encoding="UTF-8"?>
<!DOCTYPE mapper
  PUBLIC "-//mybatis.org//DTD Mapper 3.0//EN"
  "http://mybatis.org/dtd/mybatis-3-mapper.dtd">

  <mapper namespace="com.shop.dao.NewsDAO">
  	<select id="listDao" resultType="com.shop.dto.NewsDTO">
  		SELECT * FROM NEWS ORDER BY NEWSNUM DESC
  	</select>
  	<select id="viewDao" resultType="com.shop.dto.NewsDTO">
  		SELECT * FROM NEWS WHERE NEWSNUM = #{0}
  	</select>

  	<select id="postCount" resultType="_int">
  		SELECT COUNT(*) FROM NEWS 
  	</select>
  	
  	<!-- 상품 리스트 -->
  	<select id="goodGetlist" resultType="com.shop.dto.NewsDTO">
  		<![CDATA[
		SELECT * FROM(
		    SELECT /*+INDEX_DESC(NEWS SYS_C007551)*/ ROWNUM AS RN, NEWS.* 
		    from NEWS
		    where 
		]]>    
		
		    <if test="keyword != null">
		    
			    TITLE like '%' || #{keyword} || '%' and
			    
		    </if>
		     
		<![CDATA[    
		    rownum <= #{pageNum} * #{amount} 
		    )
		where rn > (#{pageNum} -1) * #{amount}	
		order by NEWSNUM DESC 	  	
  		]]>
  	</select>
  	
	<!-- 상품 총 개수 -->
	<select id="goodGetTotal" resultType="int">
		
		SELECT COUNT(*) FROM NEWS 
  		
  		<if test="keyword != null">
  		
  			WHERE TITLE LIKE '%' || #{keyword} || '%'
  		
  		</if>
  		
	</select>  	

  </mapper>