<?xml version="1.0" encoding="UTF-8"?>  <!-- xml 문서입니다 하는 내용 -->

<!DOCTYPE mapper
  PUBLIC "-//mybatis.org//DTD Mapper 3.0//EN"
  "http://mybatis.org/dtd/mybatis-3-mapper.dtd">


<mapper namespace="com.shop.dao.FilterSearchDAO">
	<select id="testOneListDao" resultType="com.shop.dto.FilterSearchDTO">
		select k.*, a.al_opic, a.al_name, a.al_abv, a.al_price, a.al_stock, f.*
		from al_kinds k join alcohols a on k.ki_num=a.ki_num
		                join flavors f on a.al_num=f.al_num
		order by a.al_num desc
	</select>
	
	<select id="getTotal" resultType="int">
		select count(*)
		from al_kinds k join alcohols a on k.ki_num=a.ki_num
		                join flavors f on a.al_num=f.al_num
	</select>
	
	
	<select id="getAuthItemList" resultType="com.shop.dto.FilterSearchDTO">
		SELECT k.*, a.al_opic, a.al_name, a.al_abv, a.al_price, a.al_stock, f.*
		FROM al_kinds k join alcohols a on k.ki_num=a.ki_num
                join flavors f on a.al_num=f.al_num
        
		<where>
			<if test="chkArray != null">
				a.ki_num IN
				<foreach collection="chkArray" item="item" open="(" close=")" separator=",">
					 #{item}
				</foreach>
			</if>
			<if test="chkDanmat != null">
				AND f.fl_danmat IN
					<foreach collection="chkDanmat" item="item" open="(" close=")" separator=",">
						 #{item}
					</foreach>
			</if>
			<if test="chkFlSinmat != null">
				AND f.fl_sinmat IN
					<foreach collection="chkFlSinmat" item="item" open="(" close=")" separator=",">
						 #{item}
					</foreach>
			</if>
			<if test="chkFlSsunmat != null">
				AND f.fl_ssunmat IN
					<foreach collection="chkFlSsunmat" item="item" open="(" close=")" separator=",">
						 #{item}
					</foreach>
			</if>
			<if test="chkFlBody != null">
				AND f.fl_body IN
					<foreach collection="chkFlBody" item="item" open="(" close=")" separator=",">
						 #{item}
					</foreach>
			</if>
			<if test="chkFlTansan != null">
				AND f.fl_tansan IN
					<foreach collection="chkFlTansan" item="item" open="(" close=")" separator=",">
						 #{item}
					</foreach>
			</if>
			<if test="chkAlAbv == null and chkAlAbv1 != null">
				AND a.al_abv between
					0
					and
					<foreach collection="chkAlAbv1" item="item">
						  #{item}
					</foreach> 
			</if>
			<if test="chkAlAbv != null and chkAlAbv1 == null">
				AND a.al_abv between
					<foreach collection="chkAlAbv" item="item" >
						  #{item}
					</foreach> 
					and
					999
			</if>	
			<if test="chkAlAbv != null and chkAlAbv1 != null">
				AND a.al_abv between
					<foreach collection="chkAlAbv" item="item" >
						  #{item}
					</foreach> 
					and
					<foreach collection="chkAlAbv1" item="item">
						  #{item}
					</foreach> 
			</if>
			<if test="chkAlPrice == null and chkAlPrice1 != null ">
				and a.al_price between 0 and
				<foreach collection="chkAlPrice1" item="item">
						 #{item}
				</foreach> 
			</if>
			<if test="chkAlPrice != null and chkAlPrice1 == null">
				and a.al_price between
				<foreach collection="chkAlPrice" item="item">
					#{item}
				</foreach> 
				and 10000000
			</if>
			<if test="chkAlPrice != null and chkAlPrice1 != null">
				and a.al_price between
				<foreach collection="chkAlPrice" item="item">
					#{item}
				</foreach>  
				and
				<foreach collection="chkAlPrice1" item="item">
					#{item}
				</foreach> 
			</if>
		</where>				
		ORDER BY a.al_num desc
	</select>
	

</mapper>

